test test test;a024;2022-05-17;2022-05-17;
fornavn efternavn mellemnavn;1dd3;1987-11-06;2022-05-17;
fornavn efternavn mellemnavn;bf4e;2010-06-25;2022-05-17;
fornavn efternavn mellemnavn;eacf;1976-07-03;2022-05-17;
fornavn efternavn mellemnavn;28bf;2017-02-23;2022-05-17;
fornavn efternavn mellemnavn;33fa;2018-04-21;2022-05-17;
fornavn efternavn mellemnavn;eac0;1994-06-04;2022-05-17;
fornavn efternavn mellemnavn;0d8e;1976-11-12;2022-05-17;
fornavn efternavn mellemnavn;fe96;1956-05-03;2022-05-17;
fornavn efternavn mellemnavn;9083;1996-12-10;2022-05-17;
fornavn efternavn mellemnavn;6598;1994-07-26;2022-05-17;
fornavn efternavn mellemnavn;37de;1964-09-01;2022-05-17;
fornavn efternavn mellemnavn;6df6;1969-02-10;2022-05-17;
fornavn efternavn mellemnavn;2db7;1952-08-18;2022-05-17;
fornavn efternavn mellemnavn;b7aa;2000-04-25;2022-05-17;
fornavn efternavn mellemnavn;5ddd;1997-04-15;2022-05-17;
fornavn efternavn mellemnavn;d6b1;1988-10-22;2022-05-17;
fornavn efternavn mellemnavn;62eb;1955-09-15;2022-05-17;
fornavn efternavn mellemnavn;cba5;1987-08-27;2022-05-17;
fornavn efternavn mellemnavn;9d05;1958-01-18;2022-05-17;
fornavn efternavn mellemnavn;5256;1953-11-18;2022-05-17;
fornavn efternavn mellemnavn;8e39;1973-04-02;2022-05-17;
fornavn efternavn mellemnavn;bacc;1975-03-20;2022-05-17;
fornavn efternavn mellemnavn;e0ec;1993-09-25;2022-05-17;
fornavn efternavn mellemnavn;966a;1983-12-10;2022-05-17;
fornavn efternavn mellemnavn;1ca1;1952-05-24;2022-05-17;
fornavn efternavn mellemnavn;1942;1989-06-07;2022-05-17;
fornavn efternavn mellemnavn;3591;2016-02-25;2022-05-17;
fornavn efternavn mellemnavn;f70a;1972-08-11;2022-05-17;
fornavn efternavn mellemnavn;8ff9;1971-02-18;2022-05-17;
fornavn efternavn mellemnavn;ddbf;1951-04-25;2022-05-17;
fornavn efternavn mellemnavn;643d;1983-12-21;2022-05-17;
fornavn efternavn mellemnavn;e950;1962-04-16;2022-05-17;
fornavn efternavn mellemnavn;d63d;1979-05-07;2022-05-17;
fornavn efternavn mellemnavn;1dd5;1988-12-14;2022-05-17;
fornavn efternavn mellemnavn;70c0;1992-10-04;2022-05-17;
fornavn efternavn mellemnavn;5bc8;1986-09-19;2022-05-17;
fornavn efternavn mellemnavn;2ee8;1994-06-02;2022-05-17;
fornavn efternavn mellemnavn;da84;2000-03-15;2022-05-17;
fornavn efternavn mellemnavn;d974;1973-09-02;2022-05-17;
fornavn efternavn mellemnavn;b65f;1966-06-08;2022-05-17;
fornavn efternavn mellemnavn;e1e7;1999-04-09;2022-05-17;
fornavn efternavn mellemnavn;4481;1995-04-27;2022-05-17;
fornavn efternavn mellemnavn;2e0a;1978-08-24;2022-05-17;
fornavn efternavn mellemnavn;5913;1994-07-11;2022-05-17;
fornavn efternavn mellemnavn;5566;1982-02-20;2022-05-17;
fornavn efternavn mellemnavn;f25e;1986-11-11;2022-05-17;
fornavn efternavn mellemnavn;a0ed;1978-11-26;2022-05-17;
fornavn efternavn mellemnavn;31df;2011-02-13;2022-05-17;
fornavn efternavn mellemnavn;d993;1965-08-04;2022-05-17;
fornavn efternavn mellemnavn;2543;2014-01-27;2022-05-17;
fornavn efternavn mellemnavn;4105;1980-12-26;2022-05-17;
fornavn efternavn mellemnavn;8db3;1979-10-17;2022-05-17;
fornavn efternavn mellemnavn;c110;1961-11-15;2022-05-17;
fornavn efternavn mellemnavn;8c56;1977-10-01;2022-05-17;
fornavn efternavn mellemnavn;0615;2008-10-26;2022-05-17;
fornavn efternavn mellemnavn;7a60;2017-05-12;2022-05-17;
fornavn efternavn mellemnavn;db4d;1994-12-02;2022-05-17;
fornavn efternavn mellemnavn;496f;2010-04-11;2022-05-17;
fornavn efternavn mellemnavn;74f6;2017-04-11;2022-05-17;
fornavn efternavn mellemnavn;cf94;1977-05-07;2022-05-17;
fornavn efternavn mellemnavn;1bc2;2004-03-05;2022-05-17;
fornavn efternavn mellemnavn;bf3c;2014-12-08;2022-05-17;
fornavn efternavn mellemnavn;8559;1964-03-05;2022-05-17;
fornavn efternavn mellemnavn;bec3;1961-11-04;2022-05-17;
fornavn efternavn mellemnavn;ba80;2017-11-17;2022-05-17;
fornavn efternavn mellemnavn;469c;1998-06-22;2022-05-17;
fornavn efternavn mellemnavn;7f5e;1983-03-14;2022-05-17;
fornavn efternavn mellemnavn;44e9;1965-09-28;2022-05-17;
fornavn efternavn mellemnavn;0aa9;2003-12-06;2022-05-17;
fornavn efternavn mellemnavn;cc5e;1972-04-15;2022-05-17;
fornavn efternavn mellemnavn;13f6;1984-07-01;2022-05-17;
fornavn efternavn mellemnavn;5be5;1966-12-27;2022-05-17;
fornavn efternavn mellemnavn;b0be;1995-05-02;2022-05-17;
fornavn efternavn mellemnavn;7588;1995-12-27;2022-05-17;
fornavn efternavn mellemnavn;a663;1995-06-25;2022-05-17;
fornavn efternavn mellemnavn;4b81;1998-01-13;2022-05-17;
fornavn efternavn mellemnavn;ba4b;2018-06-06;2022-05-17;
fornavn efternavn mellemnavn;9377;1955-07-26;2022-05-17;
fornavn efternavn mellemnavn;b243;1951-10-05;2022-05-17;
fornavn efternavn mellemnavn;e447;1984-01-23;2022-05-17;
fornavn efternavn mellemnavn;ef21;1995-11-20;2022-05-17;
fornavn efternavn mellemnavn;b092;1967-05-02;2022-05-17;
fornavn efternavn mellemnavn;8948;1970-07-12;2022-05-17;
fornavn efternavn mellemnavn;2ec4;1964-08-14;2022-05-17;
fornavn efternavn mellemnavn;8327;2009-01-21;2022-05-17;
fornavn efternavn mellemnavn;fdc7;1965-06-19;2022-05-17;
fornavn efternavn mellemnavn;9707;2009-08-26;2022-05-17;
fornavn efternavn mellemnavn;51d4;1999-11-20;2022-05-17;
fornavn efternavn mellemnavn;5646;1966-11-21;2022-05-17;
fornavn efternavn mellemnavn;c937;2003-03-15;2022-05-17;
fornavn efternavn mellemnavn;d3f6;1966-07-22;2022-05-17;
fornavn efternavn mellemnavn;6113;1988-12-13;2022-05-17;
fornavn efternavn mellemnavn;adea;2015-01-12;2022-05-17;
fornavn efternavn mellemnavn;0978;1989-06-03;2022-05-17;
fornavn efternavn mellemnavn;317d;1958-07-28;2022-05-17;
fornavn efternavn mellemnavn;cace;2010-04-26;2022-05-17;
fornavn efternavn mellemnavn;133a;1954-12-27;2022-05-17;
fornavn efternavn mellemnavn;0948;1968-08-16;2022-05-17;
fornavn efternavn mellemnavn;e088;1974-12-22;2022-05-17;
fornavn efternavn mellemnavn;1143;2006-06-25;2022-05-17;
fornavn efternavn mellemnavn;0e16;1978-12-26;2022-05-17;
fornavn efternavn mellemnavn;e86a;1969-07-01;2022-05-17;
fornavn efternavn mellemnavn;5b08;2006-04-08;2022-05-17;
fornavn efternavn mellemnavn;5725;2017-10-15;2022-05-17;
fornavn efternavn mellemnavn;d5bb;1976-09-03;2022-05-17;
fornavn efternavn mellemnavn;3420;1953-06-06;2022-05-17;
fornavn efternavn mellemnavn;8583;2005-12-08;2022-05-17;
fornavn efternavn mellemnavn;04ff;1998-11-13;2022-05-17;
fornavn efternavn mellemnavn;c6ff;1959-03-18;2022-05-17;
fornavn efternavn mellemnavn;f4f6;1967-01-02;2022-05-17;
fornavn efternavn mellemnavn;071c;1983-09-28;2022-05-17;
fornavn efternavn mellemnavn;6a12;1993-02-28;2022-05-17;
fornavn efternavn mellemnavn;9af2;1963-07-27;2022-05-17;
fornavn efternavn mellemnavn;5646;1970-12-13;2022-05-17;
fornavn efternavn mellemnavn;3220;1958-06-12;2022-05-17;
fornavn efternavn mellemnavn;af33;2017-01-13;2022-05-17;
fornavn efternavn mellemnavn;1342;1964-12-24;2022-05-17;
fornavn efternavn mellemnavn;8c63;1995-05-23;2022-05-17;
fornavn efternavn mellemnavn;df68;2011-09-12;2022-05-17;
fornavn efternavn mellemnavn;a2f8;1971-07-02;2022-05-17;
fornavn efternavn mellemnavn;b443;1966-07-01;2022-05-17;
fornavn efternavn mellemnavn;bcda;2010-10-11;2022-05-17;
fornavn efternavn mellemnavn;badf;1984-08-01;2022-05-17;
fornavn efternavn mellemnavn;addb;1992-10-23;2022-05-17;
fornavn efternavn mellemnavn;dced;1963-06-22;2022-05-17;
fornavn efternavn mellemnavn;0bf0;1968-01-26;2022-05-17;
fornavn efternavn mellemnavn;9521;2017-08-03;2022-05-17;
fornavn efternavn mellemnavn;8ae3;1990-07-20;2022-05-17;
fornavn efternavn mellemnavn;e101;1983-03-20;2022-05-17;
fornavn efternavn mellemnavn;ee1a;1991-10-20;2022-05-17;
fornavn efternavn mellemnavn;1530;2014-03-03;2022-05-17;
fornavn efternavn mellemnavn;d6bd;2012-03-28;2022-05-17;
fornavn efternavn mellemnavn;ef6c;1996-04-13;2022-05-17;
fornavn efternavn mellemnavn;4cd9;1961-02-09;2022-05-17;
fornavn efternavn mellemnavn;9dc1;1982-12-19;2022-05-17;
fornavn efternavn mellemnavn;9b6f;1964-02-22;2022-05-17;
fornavn efternavn mellemnavn;623c;2015-07-06;2022-05-17;
fornavn efternavn mellemnavn;5f90;1973-06-14;2022-05-17;
fornavn efternavn mellemnavn;4296;1983-05-11;2022-05-17;
fornavn efternavn mellemnavn;760a;1965-10-21;2022-05-17;
fornavn efternavn mellemnavn;8de1;2008-11-16;2022-05-17;
fornavn efternavn mellemnavn;1ae5;1974-09-02;2022-05-17;
fornavn efternavn mellemnavn;6776;2009-02-03;2022-05-17;
fornavn efternavn mellemnavn;d5ab;1959-04-16;2022-05-17;
fornavn efternavn mellemnavn;e281;2011-05-08;2022-05-17;
fornavn efternavn mellemnavn;df0c;2000-11-03;2022-05-17;
fornavn efternavn mellemnavn;1a83;2000-05-19;2022-05-17;
fornavn efternavn mellemnavn;165b;1962-08-04;2022-05-17;
fornavn efternavn mellemnavn;848b;2012-06-08;2022-05-17;
fornavn efternavn mellemnavn;dfe4;1952-11-02;2022-05-17;
fornavn efternavn mellemnavn;ed35;1953-03-24;2022-05-17;
fornavn efternavn mellemnavn;33c2;1950-11-19;2022-05-17;
fornavn efternavn mellemnavn;4062;1979-07-25;2022-05-17;
fornavn efternavn mellemnavn;afb6;1980-03-07;2022-05-17;
fornavn efternavn mellemnavn;c775;1968-10-15;2022-05-17;
fornavn efternavn mellemnavn;07ae;1964-06-03;2022-05-17;
fornavn efternavn mellemnavn;0cf3;1968-07-09;2022-05-17;
fornavn efternavn mellemnavn;2adf;1987-08-10;2022-05-17;
fornavn efternavn mellemnavn;aa12;1956-08-23;2022-05-17;
fornavn efternavn mellemnavn;ceab;1997-10-19;2022-05-17;
fornavn efternavn mellemnavn;a69a;1954-01-04;2022-05-17;
fornavn efternavn mellemnavn;f5cd;2000-04-04;2022-05-17;
fornavn efternavn mellemnavn;5695;2010-12-21;2022-05-17;
fornavn efternavn mellemnavn;8f61;1989-09-25;2022-05-17;
fornavn efternavn mellemnavn;4a36;1977-09-26;2022-05-17;
fornavn efternavn mellemnavn;6b0b;1976-01-11;2022-05-17;
fornavn efternavn mellemnavn;26e1;2004-09-19;2022-05-17;
fornavn efternavn mellemnavn;af8d;1950-12-13;2022-05-17;
fornavn efternavn mellemnavn;2888;1953-04-18;2022-05-17;
fornavn efternavn mellemnavn;7108;1951-08-20;2022-05-17;
fornavn efternavn mellemnavn;e29e;1966-08-01;2022-05-17;
fornavn efternavn mellemnavn;adf0;2001-11-06;2022-05-17;
fornavn efternavn mellemnavn;02e1;1950-08-25;2022-05-17;
fornavn efternavn mellemnavn;07b4;1958-06-26;2022-05-17;
fornavn efternavn mellemnavn;068a;2015-01-15;2022-05-17;
fornavn efternavn mellemnavn;c184;2009-04-08;2022-05-17;
fornavn efternavn mellemnavn;c9ce;1962-12-11;2022-05-17;
fornavn efternavn mellemnavn;6714;1953-12-10;2022-05-17;
fornavn efternavn mellemnavn;7792;1965-04-22;2022-05-17;
fornavn efternavn mellemnavn;db9f;1959-02-05;2022-05-17;
fornavn efternavn mellemnavn;4eb0;1962-04-06;2022-05-17;
fornavn efternavn mellemnavn;7301;1988-09-12;2022-05-17;
fornavn efternavn mellemnavn;ae7b;1995-01-15;2022-05-17;
fornavn efternavn mellemnavn;831c;1958-07-16;2022-05-17;
fornavn efternavn mellemnavn;c0f9;1973-05-16;2022-05-17;
fornavn efternavn mellemnavn;8eb4;2012-02-09;2022-05-17;
fornavn efternavn mellemnavn;6d6a;1956-12-03;2022-05-17;
fornavn efternavn mellemnavn;faae;1994-10-25;2022-05-17;
fornavn efternavn mellemnavn;fc94;1958-07-05;2022-05-17;
fornavn efternavn mellemnavn;0ea7;2012-08-04;2022-05-17;
fornavn efternavn mellemnavn;6a59;2012-03-18;2022-05-17;
fornavn efternavn mellemnavn;b950;1956-11-03;2022-05-17;
fornavn efternavn mellemnavn;6861;1959-01-22;2022-05-17;
fornavn efternavn mellemnavn;0e19;1968-06-09;2022-05-17;
fornavn efternavn mellemnavn;c33c;2008-11-06;2022-05-17;
fornavn efternavn mellemnavn;5090;1980-04-27;2022-05-17;
fornavn efternavn mellemnavn;927b;1991-02-11;2022-05-17;
fornavn efternavn mellemnavn;1724;1969-01-01;2022-05-17;
fornavn efternavn mellemnavn;413c;2016-08-04;2022-05-17;
fornavn efternavn mellemnavn;a00c;2018-01-12;2022-05-17;
fornavn efternavn mellemnavn;31ff;2003-02-24;2022-05-17;
fornavn efternavn mellemnavn;be20;2011-09-21;2022-05-17;
fornavn efternavn mellemnavn;b2ce;1991-02-06;2022-05-17;
fornavn efternavn mellemnavn;f4e6;1956-03-18;2022-05-17;
fornavn efternavn mellemnavn;69b8;1973-11-06;2022-05-17;
fornavn efternavn mellemnavn;dce6;2016-04-22;2022-05-17;
fornavn efternavn mellemnavn;8697;2013-04-23;2022-05-17;
fornavn efternavn mellemnavn;dd75;1978-06-12;2022-05-17;
fornavn efternavn mellemnavn;cb5a;2007-01-25;2022-05-17;
fornavn efternavn mellemnavn;12da;1997-10-07;2022-05-17;
fornavn efternavn mellemnavn;970d;1959-09-23;2022-05-17;
fornavn efternavn mellemnavn;dc24;1957-04-27;2022-05-17;
fornavn efternavn mellemnavn;e96d;1999-09-15;2022-05-17;
fornavn efternavn mellemnavn;24b7;2003-07-22;2022-05-17;
fornavn efternavn mellemnavn;a01d;1951-10-12;2022-05-17;
fornavn efternavn mellemnavn;0d3e;1975-09-04;2022-05-17;
fornavn efternavn mellemnavn;8020;1961-06-17;2022-05-17;
fornavn efternavn mellemnavn;a014;1986-10-25;2022-05-17;
fornavn efternavn mellemnavn;e024;2009-10-21;2022-05-17;
fornavn efternavn mellemnavn;70df;1956-03-02;2022-05-17;
fornavn efternavn mellemnavn;2bc8;1981-01-16;2022-05-17;
fornavn efternavn mellemnavn;fd66;1988-06-27;2022-05-17;
fornavn efternavn mellemnavn;e1b2;2003-08-19;2022-05-17;
fornavn efternavn mellemnavn;f8a1;1975-12-09;2022-05-17;
fornavn efternavn mellemnavn;8b34;2000-02-03;2022-05-17;
fornavn efternavn mellemnavn;d228;1970-02-13;2022-05-17;
fornavn efternavn mellemnavn;4214;1954-06-10;2022-05-17;
fornavn efternavn mellemnavn;7764;2011-05-12;2022-05-17;
fornavn efternavn mellemnavn;0a1d;1976-03-01;2022-05-17;
fornavn efternavn mellemnavn;614e;1974-11-06;2022-05-17;
fornavn efternavn mellemnavn;464b;1953-11-03;2022-05-17;
fornavn efternavn mellemnavn;1db9;2015-09-16;2022-05-17;
fornavn efternavn mellemnavn;76c9;2012-05-05;2022-05-17;
fornavn efternavn mellemnavn;21c4;1985-02-03;2022-05-17;
fornavn efternavn mellemnavn;0cf8;1997-03-15;2022-05-17;
fornavn efternavn mellemnavn;44c7;1964-04-20;2022-05-17;
fornavn efternavn mellemnavn;bd8c;1953-06-11;2022-05-17;
fornavn efternavn mellemnavn;dc28;2003-03-05;2022-05-17;
fornavn efternavn mellemnavn;e60e;1986-04-16;2022-05-17;
fornavn efternavn mellemnavn;e2b5;2005-02-12;2022-05-17;
fornavn efternavn mellemnavn;b321;1998-08-03;2022-05-17;
fornavn efternavn mellemnavn;7c6f;1952-12-24;2022-05-17;
fornavn efternavn mellemnavn;eb06;1983-10-20;2022-05-17;
fornavn efternavn mellemnavn;cb16;1965-06-20;2022-05-17;
fornavn efternavn mellemnavn;1ad3;2015-07-17;2022-05-17;
fornavn efternavn mellemnavn;fd3d;1968-03-24;2022-05-17;
fornavn efternavn mellemnavn;6917;2009-11-15;2022-05-17;
fornavn efternavn mellemnavn;0182;1996-11-21;2022-05-17;
fornavn efternavn mellemnavn;2cf0;1967-10-12;2022-05-17;
fornavn efternavn mellemnavn;35ae;2018-04-11;2022-05-17;
fornavn efternavn mellemnavn;d9b3;1971-01-26;2022-05-17;
fornavn efternavn mellemnavn;2455;1995-04-28;2022-05-17;
fornavn efternavn mellemnavn;ae01;1956-11-06;2022-05-17;
fornavn efternavn mellemnavn;198c;1966-06-20;2022-05-17;
fornavn efternavn mellemnavn;fef7;2015-09-26;2022-05-17;
fornavn efternavn mellemnavn;76ab;1952-05-27;2022-05-17;
fornavn efternavn mellemnavn;e198;1994-06-08;2022-05-17;
fornavn efternavn mellemnavn;0119;2015-03-14;2022-05-17;
fornavn efternavn mellemnavn;2492;2011-03-19;2022-05-17;
fornavn efternavn mellemnavn;9f5d;1990-11-25;2022-05-17;
fornavn efternavn mellemnavn;7265;2003-06-24;2022-05-17;
fornavn efternavn mellemnavn;0d43;1979-03-05;2022-05-17;
fornavn efternavn mellemnavn;6b92;2018-10-19;2022-05-17;
fornavn efternavn mellemnavn;946a;1996-07-11;2022-05-17;
fornavn efternavn mellemnavn;8f0b;1953-11-13;2022-05-17;
fornavn efternavn mellemnavn;66fb;1982-06-26;2022-05-17;
fornavn efternavn mellemnavn;cf5b;1987-10-27;2022-05-17;
fornavn efternavn mellemnavn;3251;1982-02-22;2022-05-17;
fornavn efternavn mellemnavn;2c66;1967-09-25;2022-05-17;
fornavn efternavn mellemnavn;e5b3;1958-10-14;2022-05-17;
fornavn efternavn mellemnavn;d79a;1984-07-01;2022-05-17;
fornavn efternavn mellemnavn;a3fd;1997-10-02;2022-05-17;
fornavn efternavn mellemnavn;922a;1987-12-06;2022-05-17;
fornavn efternavn mellemnavn;a0a1;2018-07-13;2022-05-17;
fornavn efternavn mellemnavn;4780;1987-02-04;2022-05-17;
fornavn efternavn mellemnavn;92a3;2018-05-03;2022-05-17;
fornavn efternavn mellemnavn;b8a7;1974-01-21;2022-05-17;
fornavn efternavn mellemnavn;b384;2003-12-22;2022-05-17;
fornavn efternavn mellemnavn;6a6d;1973-03-04;2022-05-17;
fornavn efternavn mellemnavn;9583;2014-11-03;2022-05-17;
fornavn efternavn mellemnavn;0389;1986-06-15;2022-05-17;
fornavn efternavn mellemnavn;759e;2010-02-27;2022-05-17;
fornavn efternavn mellemnavn;57e6;1961-11-07;2022-05-17;
fornavn efternavn mellemnavn;6088;1997-12-19;2022-05-17;
fornavn efternavn mellemnavn;03c6;1955-10-09;2022-05-17;
fornavn efternavn mellemnavn;cc7c;1957-12-25;2022-05-17;
fornavn efternavn mellemnavn;b06c;1962-09-06;2022-05-17;
fornavn efternavn mellemnavn;98b8;1993-02-04;2022-05-17;
fornavn efternavn mellemnavn;0ce0;1994-01-05;2022-05-17;
fornavn efternavn mellemnavn;7f96;1983-09-16;2022-05-17;
fornavn efternavn mellemnavn;0ef0;1986-06-08;2022-05-17;
fornavn efternavn mellemnavn;12ba;1989-05-13;2022-05-17;
fornavn efternavn mellemnavn;4e6a;1953-06-06;2022-05-17;
fornavn efternavn mellemnavn;ee5c;1973-08-23;2022-05-17;
fornavn efternavn mellemnavn;5f59;2013-05-14;2022-05-17;
fornavn efternavn mellemnavn;8ec9;1952-11-24;2022-05-17;
fornavn efternavn mellemnavn;70e9;1985-04-09;2022-05-17;
fornavn efternavn mellemnavn;9324;2000-03-20;2022-05-17;
fornavn efternavn mellemnavn;44df;1969-10-28;2022-05-17;
fornavn efternavn mellemnavn;41ef;2012-07-28;2022-05-17;
fornavn efternavn mellemnavn;5061;1972-05-01;2022-05-17;
fornavn efternavn mellemnavn;2307;1982-02-21;2022-05-17;
fornavn efternavn mellemnavn;b5e7;1968-12-08;2022-05-17;
fornavn efternavn mellemnavn;b0bb;1975-09-10;2022-05-17;
fornavn efternavn mellemnavn;eb55;2007-03-17;2022-05-17;
fornavn efternavn mellemnavn;1513;1973-09-23;2022-05-17;
fornavn efternavn mellemnavn;d8cd;2014-08-18;2022-05-17;
fornavn efternavn mellemnavn;cdd0;1962-03-09;2022-05-17;
fornavn efternavn mellemnavn;7a3d;1980-01-18;2022-05-17;
fornavn efternavn mellemnavn;ad89;1982-12-06;2022-05-17;
fornavn efternavn mellemnavn;585e;1971-11-01;2022-05-17;
fornavn efternavn mellemnavn;70d7;2009-01-13;2022-05-17;
fornavn efternavn mellemnavn;a97f;1970-12-25;2022-05-17;
fornavn efternavn mellemnavn;46f9;2009-02-17;2022-05-17;
fornavn efternavn mellemnavn;251f;1976-07-18;2022-05-17;
fornavn efternavn mellemnavn;b249;2016-10-23;2022-05-17;
fornavn efternavn mellemnavn;f41b;1988-01-08;2022-05-17;
fornavn efternavn mellemnavn;55dc;1999-02-21;2022-05-17;
fornavn efternavn mellemnavn;42fe;1984-11-27;2022-05-17;
fornavn efternavn mellemnavn;f3a4;1978-08-16;2022-05-17;
fornavn efternavn mellemnavn;f9b1;2010-11-11;2022-05-17;
fornavn efternavn mellemnavn;4d7e;1999-04-21;2022-05-17;
fornavn efternavn mellemnavn;d848;1985-02-18;2022-05-17;
fornavn efternavn mellemnavn;80aa;1985-03-02;2022-05-17;
fornavn efternavn mellemnavn;c8d0;1994-08-12;2022-05-17;
fornavn efternavn mellemnavn;e363;1986-10-09;2022-05-17;
fornavn efternavn mellemnavn;fee4;1954-07-13;2022-05-17;
fornavn efternavn mellemnavn;124b;1974-08-25;2022-05-17;
fornavn efternavn mellemnavn;2850;1980-09-27;2022-05-17;
fornavn efternavn mellemnavn;0348;1958-10-12;2022-05-17;
fornavn efternavn mellemnavn;605e;1989-09-17;2022-05-17;
fornavn efternavn mellemnavn;a55a;2005-07-06;2022-05-17;
fornavn efternavn mellemnavn;f3af;2017-08-12;2022-05-17;
fornavn efternavn mellemnavn;f60e;2003-12-10;2022-05-17;
fornavn efternavn mellemnavn;db14;2000-06-22;2022-05-17;
fornavn efternavn mellemnavn;77a9;1988-05-06;2022-05-17;
fornavn efternavn mellemnavn;fdb7;2006-01-02;2022-05-17;
fornavn efternavn mellemnavn;c456;1995-09-25;2022-05-17;
fornavn efternavn mellemnavn;deb4;1996-11-26;2022-05-17;
fornavn efternavn mellemnavn;cf49;1988-03-10;2022-05-17;
fornavn efternavn mellemnavn;14c7;1988-04-13;2022-05-17;
fornavn efternavn mellemnavn;6852;2000-12-19;2022-05-17;
fornavn efternavn mellemnavn;9ef8;2005-10-06;2022-05-17;
fornavn efternavn mellemnavn;a961;2015-01-04;2022-05-17;
fornavn efternavn mellemnavn;19af;1967-10-05;2022-05-17;
fornavn efternavn mellemnavn;bab1;1999-10-26;2022-05-17;
fornavn efternavn mellemnavn;4fef;2005-06-01;2022-05-17;
fornavn efternavn mellemnavn;d9e2;2011-05-02;2022-05-17;
fornavn efternavn mellemnavn;16ce;1952-09-03;2022-05-17;
fornavn efternavn mellemnavn;d979;1989-10-10;2022-05-17;
fornavn efternavn mellemnavn;febf;1955-03-22;2022-05-17;
fornavn efternavn mellemnavn;b5bb;1967-02-06;2022-05-17;
fornavn efternavn mellemnavn;d99a;1980-09-19;2022-05-17;
fornavn efternavn mellemnavn;be36;1990-10-17;2022-05-17;
fornavn efternavn mellemnavn;6da6;2007-01-27;2022-05-17;
fornavn efternavn mellemnavn;daa7;1963-09-07;2022-05-17;
fornavn efternavn mellemnavn;d171;1971-04-08;2022-05-17;
fornavn efternavn mellemnavn;de5d;1981-10-17;2022-05-17;
fornavn efternavn mellemnavn;0dec;1993-03-19;2022-05-17;
fornavn efternavn mellemnavn;80d6;1950-04-20;2022-05-17;
fornavn efternavn mellemnavn;52d6;1954-11-03;2022-05-17;
fornavn efternavn mellemnavn;5fd7;1987-10-08;2022-05-17;
fornavn efternavn mellemnavn;a801;1989-05-26;2022-05-17;
fornavn efternavn mellemnavn;a0d9;2003-12-19;2022-05-17;
fornavn efternavn mellemnavn;2986;1992-10-16;2022-05-17;
fornavn efternavn mellemnavn;7958;1984-04-18;2022-05-17;
fornavn efternavn mellemnavn;027e;1960-09-04;2022-05-17;
fornavn efternavn mellemnavn;6dce;1972-10-11;2022-05-17;
fornavn efternavn mellemnavn;b1af;1962-10-03;2022-05-17;
fornavn efternavn mellemnavn;858b;1977-07-04;2022-05-17;
fornavn efternavn mellemnavn;95b4;2006-02-11;2022-05-17;
fornavn efternavn mellemnavn;bff6;2001-08-14;2022-05-17;
fornavn efternavn mellemnavn;bad0;2005-03-05;2022-05-17;
fornavn efternavn mellemnavn;aac9;1972-06-19;2022-05-17;
fornavn efternavn mellemnavn;42be;1972-09-17;2022-05-17;
fornavn efternavn mellemnavn;ad02;1967-11-20;2022-05-17;
fornavn efternavn mellemnavn;487b;1992-11-03;2022-05-17;
fornavn efternavn mellemnavn;0f41;1987-08-04;2022-05-17;
fornavn efternavn mellemnavn;b8d2;1966-10-15;2022-05-17;
fornavn efternavn mellemnavn;6f84;2003-10-09;2022-05-17;
fornavn efternavn mellemnavn;621a;2009-09-07;2022-05-17;
fornavn efternavn mellemnavn;9f9e;1958-07-22;2022-05-17;
fornavn efternavn mellemnavn;19dc;2017-03-02;2022-05-17;
fornavn efternavn mellemnavn;c241;1974-11-07;2022-05-17;
fornavn efternavn mellemnavn;0862;1959-07-08;2022-05-17;
fornavn efternavn mellemnavn;d1b3;2003-11-01;2022-05-17;
fornavn efternavn mellemnavn;18a7;1995-05-22;2022-05-17;
fornavn efternavn mellemnavn;11ea;1966-06-15;2022-05-17;
fornavn efternavn mellemnavn;0067;1971-06-09;2022-05-17;
fornavn efternavn mellemnavn;b293;1973-12-27;2022-05-17;
fornavn efternavn mellemnavn;a162;1990-04-22;2022-05-17;
fornavn efternavn mellemnavn;76eb;2017-12-10;2022-05-17;
fornavn efternavn mellemnavn;ced7;1983-04-18;2022-05-17;
fornavn efternavn mellemnavn;0767;1988-09-04;2022-05-17;
fornavn efternavn mellemnavn;f0db;2008-01-25;2022-05-17;
fornavn efternavn mellemnavn;c6e1;1985-08-16;2022-05-17;
fornavn efternavn mellemnavn;7611;1991-12-19;2022-05-17;
fornavn efternavn mellemnavn;5cc4;2013-02-05;2022-05-17;
fornavn efternavn mellemnavn;f2a6;1981-09-20;2022-05-17;
fornavn efternavn mellemnavn;2167;1987-05-18;2022-05-17;
fornavn efternavn mellemnavn;ceaa;1958-11-27;2022-05-17;
fornavn efternavn mellemnavn;ea75;1994-11-01;2022-05-17;
fornavn efternavn mellemnavn;ebcf;1977-12-05;2022-05-17;
fornavn efternavn mellemnavn;eb5b;1967-04-12;2022-05-17;
fornavn efternavn mellemnavn;8c2f;2018-07-11;2022-05-17;
fornavn efternavn mellemnavn;23a7;2002-09-02;2022-05-17;
fornavn efternavn mellemnavn;3996;1987-10-21;2022-05-17;
fornavn efternavn mellemnavn;d40e;1950-10-10;2022-05-17;
fornavn efternavn mellemnavn;bd07;2006-01-04;2022-05-17;
fornavn efternavn mellemnavn;64a1;1967-05-27;2022-05-17;
fornavn efternavn mellemnavn;8c84;1991-12-15;2022-05-17;
fornavn efternavn mellemnavn;d048;1979-03-08;2022-05-17;
fornavn efternavn mellemnavn;680c;1978-03-11;2022-05-17;
fornavn efternavn mellemnavn;c822;2009-06-17;2022-05-17;
fornavn efternavn mellemnavn;84c4;1950-06-28;2022-05-17;
fornavn efternavn mellemnavn;0e5d;1972-03-16;2022-05-17;
fornavn efternavn mellemnavn;02e2;1973-09-23;2022-05-17;
fornavn efternavn mellemnavn;6edd;1985-03-26;2022-05-17;
fornavn efternavn mellemnavn;ef7b;1958-04-22;2022-05-17;
fornavn efternavn mellemnavn;fc50;2016-01-05;2022-05-17;
fornavn efternavn mellemnavn;ca81;1987-04-13;2022-05-17;
fornavn efternavn mellemnavn;94dc;1954-08-21;2022-05-17;
fornavn efternavn mellemnavn;c092;1959-04-18;2022-05-17;
fornavn efternavn mellemnavn;f7a3;1987-09-14;2022-05-17;
fornavn efternavn mellemnavn;eaa0;2016-07-06;2022-05-17;
fornavn efternavn mellemnavn;f08d;1987-07-25;2022-05-17;
fornavn efternavn mellemnavn;eac2;1971-08-22;2022-05-17;
fornavn efternavn mellemnavn;61a9;2002-09-04;2022-05-17;
fornavn efternavn mellemnavn;f7ab;1955-01-14;2022-05-17;
fornavn efternavn mellemnavn;71ea;1997-02-18;2022-05-17;
fornavn efternavn mellemnavn;5870;1957-05-15;2022-05-17;
fornavn efternavn mellemnavn;fa56;1993-09-13;2022-05-17;
fornavn efternavn mellemnavn;f20d;1953-01-22;2022-05-17;
fornavn efternavn mellemnavn;02f8;1991-05-25;2022-05-17;
fornavn efternavn mellemnavn;f2d8;1961-11-28;2022-05-17;
fornavn efternavn mellemnavn;4a5e;1976-01-03;2022-05-17;
fornavn efternavn mellemnavn;6390;1960-01-17;2022-05-17;
fornavn efternavn mellemnavn;c0db;1975-04-23;2022-05-17;
fornavn efternavn mellemnavn;10a4;1977-07-05;2022-05-17;
fornavn efternavn mellemnavn;03fb;2005-08-10;2022-05-17;
fornavn efternavn mellemnavn;a551;1965-04-01;2022-05-17;
fornavn efternavn mellemnavn;6a64;1999-11-28;2022-05-17;
fornavn efternavn mellemnavn;f8b3;1985-07-01;2022-05-17;
fornavn efternavn mellemnavn;1828;2011-10-23;2022-05-17;
fornavn efternavn mellemnavn;579d;2009-11-25;2022-05-17;
fornavn efternavn mellemnavn;7e48;1954-07-08;2022-05-17;
fornavn efternavn mellemnavn;8050;1988-11-17;2022-05-17;
fornavn efternavn mellemnavn;6b2b;1995-05-28;2022-05-17;
fornavn efternavn mellemnavn;caeb;1954-09-22;2022-05-17;
fornavn efternavn mellemnavn;b94a;1961-02-15;2022-05-17;
fornavn efternavn mellemnavn;9284;2007-08-26;2022-05-17;
fornavn efternavn mellemnavn;8cb8;1967-05-02;2022-05-17;
fornavn efternavn mellemnavn;6b10;1955-04-15;2022-05-17;
fornavn efternavn mellemnavn;a5d4;1978-01-14;2022-05-17;
fornavn efternavn mellemnavn;86ef;1992-05-16;2022-05-17;
fornavn efternavn mellemnavn;9f5e;1977-04-11;2022-05-17;
fornavn efternavn mellemnavn;bb37;2009-12-04;2022-05-17;
fornavn efternavn mellemnavn;e2a4;2006-01-27;2022-05-17;
fornavn efternavn mellemnavn;d537;1951-07-23;2022-05-17;
fornavn efternavn mellemnavn;ead6;1987-06-10;2022-05-17;
fornavn efternavn mellemnavn;6a1a;1973-04-15;2022-05-17;
fornavn efternavn mellemnavn;c6ef;1954-08-01;2022-05-17;
fornavn efternavn mellemnavn;e8ef;1958-10-21;2022-05-17;
fornavn efternavn mellemnavn;4d2d;1995-10-09;2022-05-17;
fornavn efternavn mellemnavn;cafa;2008-03-14;2022-05-17;
fornavn efternavn mellemnavn;5f44;1965-04-22;2022-05-17;
fornavn efternavn mellemnavn;7afb;1950-03-28;2022-05-17;
fornavn efternavn mellemnavn;b11d;1963-05-13;2022-05-17;
fornavn efternavn mellemnavn;7e90;2015-05-01;2022-05-17;
fornavn efternavn mellemnavn;79bc;1951-12-23;2022-05-17;
fornavn efternavn mellemnavn;8a6e;1960-07-25;2022-05-17;
fornavn efternavn mellemnavn;86a9;1994-12-10;2022-05-17;
fornavn efternavn mellemnavn;f1be;1971-03-01;2022-05-17;
fornavn efternavn mellemnavn;b45a;2009-07-15;2022-05-17;
fornavn efternavn mellemnavn;7188;2001-04-21;2022-05-17;
fornavn efternavn mellemnavn;b0ea;2008-03-22;2022-05-17;
fornavn efternavn mellemnavn;c14d;1987-12-02;2022-05-17;
fornavn efternavn mellemnavn;bfc4;2002-06-25;2022-05-17;
fornavn efternavn mellemnavn;6ea2;2015-08-08;2022-05-17;
fornavn efternavn mellemnavn;025b;1975-08-22;2022-05-17;
fornavn efternavn mellemnavn;a950;2002-05-13;2022-05-17;
fornavn efternavn mellemnavn;8afb;1980-06-28;2022-05-17;
fornavn efternavn mellemnavn;b228;1967-09-08;2022-05-17;
fornavn efternavn mellemnavn;fca5;1950-08-05;2022-05-17;
fornavn efternavn mellemnavn;6e43;1994-08-14;2022-05-17;
fornavn efternavn mellemnavn;8d1e;1993-07-20;2022-05-17;
fornavn efternavn mellemnavn;4837;2014-03-14;2022-05-17;
fornavn efternavn mellemnavn;eadb;1954-03-02;2022-05-17;
fornavn efternavn mellemnavn;a1c6;2016-04-14;2022-05-17;
fornavn efternavn mellemnavn;d08b;1992-10-19;2022-05-17;
fornavn efternavn mellemnavn;5e9c;2003-11-14;2022-05-17;
fornavn efternavn mellemnavn;4705;1995-01-14;2022-05-17;
fornavn efternavn mellemnavn;32b8;1977-05-26;2022-05-17;
fornavn efternavn mellemnavn;f92d;1954-11-03;2022-05-17;
fornavn efternavn mellemnavn;e28c;1966-10-01;2022-05-17;
fornavn efternavn mellemnavn;b505;2005-05-16;2022-05-17;
fornavn efternavn mellemnavn;a5e7;1999-03-01;2022-05-17;
fornavn efternavn mellemnavn;75f4;1950-03-15;2022-05-17;
fornavn efternavn mellemnavn;e45f;1967-11-08;2022-05-17;
fornavn efternavn mellemnavn;052f;2001-02-19;2022-05-17;
fornavn efternavn mellemnavn;a52d;1953-09-12;2022-05-17;
fornavn efternavn mellemnavn;b219;1980-04-08;2022-05-17;
fornavn efternavn mellemnavn;52b3;2017-04-07;2022-05-17;
fornavn efternavn mellemnavn;0505;1971-04-26;2022-05-17;
fornavn efternavn mellemnavn;6c4a;1954-10-08;2022-05-17;
fornavn efternavn mellemnavn;ff03;2002-08-03;2022-05-17;
fornavn efternavn mellemnavn;6fbc;1980-04-04;2022-05-17;
fornavn efternavn mellemnavn;49d7;2011-01-15;2022-05-17;
fornavn efternavn mellemnavn;7e25;2017-01-01;2022-05-17;
fornavn efternavn mellemnavn;fec7;2011-12-26;2022-05-17;
fornavn efternavn mellemnavn;14dd;1972-11-19;2022-05-17;
fornavn efternavn mellemnavn;cf02;1993-04-11;2022-05-17;
fornavn efternavn mellemnavn;bc55;2004-04-03;2022-05-17;
fornavn efternavn mellemnavn;50c0;2015-11-27;2022-05-17;
fornavn efternavn mellemnavn;6e40;2008-08-07;2022-05-17;
fornavn efternavn mellemnavn;def6;1999-12-11;2022-05-17;
fornavn efternavn mellemnavn;b8e5;2014-10-10;2022-05-17;
fornavn efternavn mellemnavn;f609;1963-06-05;2022-05-17;
fornavn efternavn mellemnavn;b181;1952-05-12;2022-05-17;
fornavn efternavn mellemnavn;336d;2011-05-14;2022-05-17;
fornavn efternavn mellemnavn;6c63;1974-05-14;2022-05-17;
fornavn efternavn mellemnavn;7d26;1979-09-19;2022-05-17;
fornavn efternavn mellemnavn;497c;1995-11-06;2022-05-17;
fornavn efternavn mellemnavn;c426;2012-04-28;2022-05-17;
fornavn efternavn mellemnavn;d64f;1986-02-15;2022-05-17;
fornavn efternavn mellemnavn;f657;1954-02-19;2022-05-17;
fornavn efternavn mellemnavn;c295;1963-04-12;2022-05-17;
fornavn efternavn mellemnavn;80fe;1959-02-21;2022-05-17;
fornavn efternavn mellemnavn;153c;1989-02-16;2022-05-17;
fornavn efternavn mellemnavn;b437;2007-02-07;2022-05-17;
fornavn efternavn mellemnavn;8666;2004-07-12;2022-05-17;
fornavn efternavn mellemnavn;883c;1994-09-14;2022-05-17;
fornavn efternavn mellemnavn;01d3;2004-05-10;2022-05-17;
fornavn efternavn mellemnavn;394d;1969-12-25;2022-05-17;
fornavn efternavn mellemnavn;15a7;1986-04-13;2022-05-17;
fornavn efternavn mellemnavn;e81d;1967-01-10;2022-05-17;
fornavn efternavn mellemnavn;a850;1976-06-09;2022-05-17;
fornavn efternavn mellemnavn;5272;1967-06-26;2022-05-17;
fornavn efternavn mellemnavn;d559;1963-10-12;2022-05-17;
fornavn efternavn mellemnavn;e7f6;1996-07-07;2022-05-17;
fornavn efternavn mellemnavn;3ab3;1952-09-08;2022-05-17;
fornavn efternavn mellemnavn;7c39;2013-02-17;2022-05-17;
fornavn efternavn mellemnavn;636d;1981-05-05;2022-05-17;
fornavn efternavn mellemnavn;4b98;1952-05-13;2022-05-17;
fornavn efternavn mellemnavn;281b;1981-11-09;2022-05-17;
fornavn efternavn mellemnavn;9a54;1952-08-26;2022-05-17;
fornavn efternavn mellemnavn;855b;1991-05-16;2022-05-17;
fornavn efternavn mellemnavn;39e2;1961-05-13;2022-05-17;
fornavn efternavn mellemnavn;9959;1964-11-04;2022-05-17;
fornavn efternavn mellemnavn;ca10;1994-11-14;2022-05-17;
fornavn efternavn mellemnavn;aafd;2011-10-28;2022-05-17;
fornavn efternavn mellemnavn;7f05;1958-08-16;2022-05-17;
fornavn efternavn mellemnavn;275f;1994-12-02;2022-05-17;
fornavn efternavn mellemnavn;8201;1974-12-14;2022-05-17;
fornavn efternavn mellemnavn;2c03;1999-02-17;2022-05-17;
fornavn efternavn mellemnavn;bff9;1973-11-18;2022-05-17;
fornavn efternavn mellemnavn;8ef0;1997-06-04;2022-05-17;
fornavn efternavn mellemnavn;4bb4;1973-09-25;2022-05-17;
fornavn efternavn mellemnavn;8014;1994-06-06;2022-05-17;
fornavn efternavn mellemnavn;3ec3;1996-06-22;2022-05-17;
fornavn efternavn mellemnavn;51e3;1981-07-12;2022-05-17;
fornavn efternavn mellemnavn;6405;1969-02-13;2022-05-17;
fornavn efternavn mellemnavn;bb41;1981-07-07;2022-05-17;
fornavn efternavn mellemnavn;120d;1983-07-28;2022-05-17;
fornavn efternavn mellemnavn;0530;1953-11-27;2022-05-17;
fornavn efternavn mellemnavn;1412;1986-10-08;2022-05-17;
fornavn efternavn mellemnavn;ae36;1974-11-23;2022-05-17;
fornavn efternavn mellemnavn;8585;1951-08-24;2022-05-17;
fornavn efternavn mellemnavn;cf44;1999-07-17;2022-05-17;
fornavn efternavn mellemnavn;a8dd;1959-02-09;2022-05-17;
fornavn efternavn mellemnavn;2477;1979-06-22;2022-05-17;
fornavn efternavn mellemnavn;32f0;1984-06-20;2022-05-17;
fornavn efternavn mellemnavn;9f6a;1969-10-09;2022-05-17;
fornavn efternavn mellemnavn;400e;2003-12-04;2022-05-17;
fornavn efternavn mellemnavn;1987;1968-07-12;2022-05-17;
fornavn efternavn mellemnavn;bd1b;2013-09-16;2022-05-17;
fornavn efternavn mellemnavn;8a79;2014-10-08;2022-05-17;
fornavn efternavn mellemnavn;d433;1982-04-03;2022-05-17;
fornavn efternavn mellemnavn;eb04;1990-04-13;2022-05-17;
fornavn efternavn mellemnavn;8180;2006-05-16;2022-05-17;
fornavn efternavn mellemnavn;cd03;1970-02-05;2022-05-17;
fornavn efternavn mellemnavn;ec97;2018-07-22;2022-05-17;
fornavn efternavn mellemnavn;5747;2002-07-18;2022-05-17;
fornavn efternavn mellemnavn;2670;1972-07-04;2022-05-17;
fornavn efternavn mellemnavn;74ee;2000-04-23;2022-05-17;
fornavn efternavn mellemnavn;f9ad;1954-06-10;2022-05-17;
fornavn efternavn mellemnavn;676c;1990-10-03;2022-05-17;
fornavn efternavn mellemnavn;70ce;1979-02-12;2022-05-17;
fornavn efternavn mellemnavn;3a9b;1973-08-16;2022-05-17;
fornavn efternavn mellemnavn;7e65;1954-07-22;2022-05-17;
fornavn efternavn mellemnavn;269f;1971-08-12;2022-05-17;
fornavn efternavn mellemnavn;e0ca;1995-08-15;2022-05-17;
fornavn efternavn mellemnavn;37c5;1978-12-11;2022-05-17;
fornavn efternavn mellemnavn;27e3;1957-05-18;2022-05-17;
fornavn efternavn mellemnavn;7f06;1997-11-09;2022-05-17;
fornavn efternavn mellemnavn;d44a;2003-02-03;2022-05-17;
fornavn efternavn mellemnavn;5ac1;1952-02-15;2022-05-17;
fornavn efternavn mellemnavn;93f9;1958-09-07;2022-05-17;
fornavn efternavn mellemnavn;afe9;1978-10-25;2022-05-17;
fornavn efternavn mellemnavn;d696;2015-12-05;2022-05-17;
fornavn efternavn mellemnavn;3dc9;1966-01-22;2022-05-17;
fornavn efternavn mellemnavn;0684;1989-04-07;2022-05-17;
fornavn efternavn mellemnavn;11ef;1973-11-22;2022-05-17;
fornavn efternavn mellemnavn;8df4;1955-07-08;2022-05-17;
fornavn efternavn mellemnavn;f233;1963-11-01;2022-05-17;
fornavn efternavn mellemnavn;6b71;1983-09-25;2022-05-17;
fornavn efternavn mellemnavn;9073;1980-08-06;2022-05-17;
fornavn efternavn mellemnavn;8636;1972-07-06;2022-05-17;
fornavn efternavn mellemnavn;bd2e;1987-03-03;2022-05-17;
fornavn efternavn mellemnavn;ca9a;2002-01-04;2022-05-17;
fornavn efternavn mellemnavn;8602;1993-02-17;2022-05-17;
fornavn efternavn mellemnavn;bbd7;2015-06-04;2022-05-17;
fornavn efternavn mellemnavn;7d08;1953-11-28;2022-05-17;
fornavn efternavn mellemnavn;bfad;1968-03-18;2022-05-17;
fornavn efternavn mellemnavn;a41a;1952-06-16;2022-05-17;
fornavn efternavn mellemnavn;bff4;1997-11-22;2022-05-17;
fornavn efternavn mellemnavn;20e3;1969-02-24;2022-05-17;
fornavn efternavn mellemnavn;bb9a;2000-12-07;2022-05-17;
fornavn efternavn mellemnavn;4f37;1959-11-06;2022-05-17;
fornavn efternavn mellemnavn;4bfb;1955-02-13;2022-05-17;
fornavn efternavn mellemnavn;f5b7;1998-10-05;2022-05-17;
fornavn efternavn mellemnavn;05c5;1961-04-24;2022-05-17;
fornavn efternavn mellemnavn;644c;1977-02-13;2022-05-17;
fornavn efternavn mellemnavn;9591;1989-04-05;2022-05-17;
fornavn efternavn mellemnavn;9152;1964-04-20;2022-05-17;
fornavn efternavn mellemnavn;28d0;1999-12-19;2022-05-17;
fornavn efternavn mellemnavn;a196;1996-10-03;2022-05-17;
fornavn efternavn mellemnavn;d5b7;1999-04-24;2022-05-17;
fornavn efternavn mellemnavn;e637;1962-09-13;2022-05-17;
fornavn efternavn mellemnavn;e0fa;2005-04-24;2022-05-17;
fornavn efternavn mellemnavn;4944;1975-10-10;2022-05-17;
fornavn efternavn mellemnavn;bc58;2015-11-08;2022-05-17;
fornavn efternavn mellemnavn;3820;1976-01-07;2022-05-17;
fornavn efternavn mellemnavn;f98b;1956-02-28;2022-05-17;
fornavn efternavn mellemnavn;dd39;1987-02-25;2022-05-17;
fornavn efternavn mellemnavn;11bf;1994-06-19;2022-05-17;
fornavn efternavn mellemnavn;e2b0;1984-11-24;2022-05-17;
fornavn efternavn mellemnavn;1afc;1951-09-10;2022-05-17;
fornavn efternavn mellemnavn;7e55;1954-06-17;2022-05-17;
fornavn efternavn mellemnavn;7ac8;1951-08-27;2022-05-17;
fornavn efternavn mellemnavn;9f79;1964-10-14;2022-05-17;
fornavn efternavn mellemnavn;3f7c;1967-05-01;2022-05-17;
fornavn efternavn mellemnavn;3510;1996-06-28;2022-05-17;
fornavn efternavn mellemnavn;b4f2;2001-06-13;2022-05-17;
fornavn efternavn mellemnavn;0c18;2012-12-18;2022-05-17;
fornavn efternavn mellemnavn;8ccb;2007-02-21;2022-05-17;
fornavn efternavn mellemnavn;3621;2014-08-18;2022-05-17;
fornavn efternavn mellemnavn;4740;1986-11-17;2022-05-17;
fornavn efternavn mellemnavn;9a25;1957-09-21;2022-05-17;
fornavn efternavn mellemnavn;b939;2000-08-02;2022-05-17;
fornavn efternavn mellemnavn;6a44;1972-02-14;2022-05-17;
fornavn efternavn mellemnavn;83ee;2016-03-21;2022-05-17;
fornavn efternavn mellemnavn;bf3b;1957-10-06;2022-05-17;
fornavn efternavn mellemnavn;d786;1959-07-02;2022-05-17;
fornavn efternavn mellemnavn;7a4a;1959-11-02;2022-05-17;
fornavn efternavn mellemnavn;6044;1982-08-07;2022-05-17;
fornavn efternavn mellemnavn;3e83;1995-05-07;2022-05-17;
fornavn efternavn mellemnavn;1f84;1976-03-14;2022-05-17;
fornavn efternavn mellemnavn;e2c5;1963-11-08;2022-05-17;
fornavn efternavn mellemnavn;24c5;1970-11-08;2022-05-17;
fornavn efternavn mellemnavn;715c;2002-09-04;2022-05-17;
fornavn efternavn mellemnavn;7ab1;1958-08-07;2022-05-17;
fornavn efternavn mellemnavn;13ff;2002-01-24;2022-05-17;
fornavn efternavn mellemnavn;dbb6;1961-10-15;2022-05-17;
fornavn efternavn mellemnavn;a48e;1967-09-17;2022-05-17;
fornavn efternavn mellemnavn;d749;1963-11-27;2022-05-17;
fornavn efternavn mellemnavn;0562;2001-05-16;2022-05-17;
fornavn efternavn mellemnavn;6dda;1975-06-24;2022-05-17;
fornavn efternavn mellemnavn;1493;1958-08-25;2022-05-17;
fornavn efternavn mellemnavn;e839;1965-12-06;2022-05-17;
fornavn efternavn mellemnavn;95b6;1958-04-16;2022-05-17;
fornavn efternavn mellemnavn;eaf7;1994-11-12;2022-05-17;
fornavn efternavn mellemnavn;5673;2014-05-20;2022-05-17;
fornavn efternavn mellemnavn;e83a;1960-10-02;2022-05-17;
fornavn efternavn mellemnavn;560c;1952-06-05;2022-05-17;
fornavn efternavn mellemnavn;ea9e;1996-02-15;2022-05-17;
fornavn efternavn mellemnavn;8d42;2006-11-11;2022-05-17;
fornavn efternavn mellemnavn;10f4;2004-04-15;2022-05-17;
fornavn efternavn mellemnavn;e599;1978-07-09;2022-05-17;
fornavn efternavn mellemnavn;313f;1973-05-08;2022-05-17;
fornavn efternavn mellemnavn;6d80;1983-01-17;2022-05-17;
fornavn efternavn mellemnavn;fe32;1978-06-11;2022-05-17;
fornavn efternavn mellemnavn;74ea;1994-07-17;2022-05-17;
fornavn efternavn mellemnavn;1d01;1967-04-23;2022-05-17;
fornavn efternavn mellemnavn;ec64;2017-04-23;2022-05-17;
fornavn efternavn mellemnavn;e3b7;1967-02-17;2022-05-17;
fornavn efternavn mellemnavn;8218;2006-04-21;2022-05-17;
fornavn efternavn mellemnavn;1d73;2018-05-06;2022-05-17;
fornavn efternavn mellemnavn;1296;1998-04-20;2022-05-17;
fornavn efternavn mellemnavn;15f9;1987-09-24;2022-05-17;
fornavn efternavn mellemnavn;0cca;1979-06-17;2022-05-17;
fornavn efternavn mellemnavn;2e84;1955-11-15;2022-05-17;
fornavn efternavn mellemnavn;ede9;1963-02-28;2022-05-17;
fornavn efternavn mellemnavn;b1a4;1959-04-10;2022-05-17;
fornavn efternavn mellemnavn;a8ed;1997-05-27;2022-05-17;
fornavn efternavn mellemnavn;7b4f;1966-10-12;2022-05-17;
fornavn efternavn mellemnavn;8a72;2005-10-02;2022-05-17;
fornavn efternavn mellemnavn;7d5f;2012-08-10;2022-05-17;
fornavn efternavn mellemnavn;f67c;1989-09-20;2022-05-17;
fornavn efternavn mellemnavn;12c3;1982-02-07;2022-05-17;
fornavn efternavn mellemnavn;a67b;2000-03-01;2022-05-17;
fornavn efternavn mellemnavn;534d;1978-06-25;2022-05-17;
fornavn efternavn mellemnavn;cfaa;1997-12-12;2022-05-17;
fornavn efternavn mellemnavn;ca44;1958-10-06;2022-05-17;
fornavn efternavn mellemnavn;5157;1966-12-18;2022-05-17;
fornavn efternavn mellemnavn;8b8b;2013-10-20;2022-05-17;
fornavn efternavn mellemnavn;2f33;1964-04-02;2022-05-17;
fornavn efternavn mellemnavn;68d6;1953-01-05;2022-05-17;
fornavn efternavn mellemnavn;87c1;1996-04-28;2022-05-17;
fornavn efternavn mellemnavn;872f;2012-09-25;2022-05-17;
fornavn efternavn mellemnavn;daa6;1993-08-17;2022-05-17;
fornavn efternavn mellemnavn;777c;1976-04-22;2022-05-17;
fornavn efternavn mellemnavn;9ccf;1998-03-06;2022-05-17;
fornavn efternavn mellemnavn;4e76;1981-02-20;2022-05-17;
fornavn efternavn mellemnavn;8317;1993-09-26;2022-05-17;
fornavn efternavn mellemnavn;7c02;1986-05-06;2022-05-17;
fornavn efternavn mellemnavn;89fb;2008-09-23;2022-05-17;
fornavn efternavn mellemnavn;8506;1987-12-19;2022-05-17;
fornavn efternavn mellemnavn;09e7;1989-06-26;2022-05-17;
fornavn efternavn mellemnavn;ce78;1973-10-07;2022-05-17;
fornavn efternavn mellemnavn;c5f6;1968-04-23;2022-05-17;
fornavn efternavn mellemnavn;56b6;2014-01-23;2022-05-17;
fornavn efternavn mellemnavn;fe0a;1969-09-20;2022-05-17;
fornavn efternavn mellemnavn;fa9c;1973-07-04;2022-05-17;
fornavn efternavn mellemnavn;a3b7;1950-08-03;2022-05-17;
fornavn efternavn mellemnavn;5232;1986-04-18;2022-05-17;
fornavn efternavn mellemnavn;b141;1970-02-17;2022-05-17;
fornavn efternavn mellemnavn;b3f7;1985-07-25;2022-05-17;
fornavn efternavn mellemnavn;137c;2011-07-26;2022-05-17;
fornavn efternavn mellemnavn;cf5b;1978-07-20;2022-05-17;
fornavn efternavn mellemnavn;1e21;1960-06-03;2022-05-17;
fornavn efternavn mellemnavn;d9e6;2007-10-26;2022-05-17;
fornavn efternavn mellemnavn;9e1b;2016-10-26;2022-05-17;
fornavn efternavn mellemnavn;0df4;1988-11-14;2022-05-17;
fornavn efternavn mellemnavn;626f;1961-06-04;2022-05-17;
fornavn efternavn mellemnavn;7f53;1973-12-17;2022-05-17;
fornavn efternavn mellemnavn;75b5;2013-07-01;2022-05-17;
fornavn efternavn mellemnavn;e3be;1971-12-18;2022-05-17;
fornavn efternavn mellemnavn;93ef;1960-10-21;2022-05-17;
fornavn efternavn mellemnavn;dce9;1999-05-23;2022-05-17;
fornavn efternavn mellemnavn;b19e;2001-08-04;2022-05-17;
fornavn efternavn mellemnavn;61b1;1958-07-17;2022-05-17;
fornavn efternavn mellemnavn;d9ec;1990-01-25;2022-05-17;
fornavn efternavn mellemnavn;a4a7;1983-06-23;2022-05-17;
fornavn efternavn mellemnavn;9597;1950-09-20;2022-05-17;
fornavn efternavn mellemnavn;9ecc;1958-07-26;2022-05-17;
fornavn efternavn mellemnavn;caed;2005-12-11;2022-05-17;
fornavn efternavn mellemnavn;4aba;1951-04-02;2022-05-17;
fornavn efternavn mellemnavn;e4c5;1976-09-19;2022-05-17;
fornavn efternavn mellemnavn;6037;1994-05-10;2022-05-17;
fornavn efternavn mellemnavn;a355;2014-09-18;2022-05-17;
fornavn efternavn mellemnavn;ddae;2005-01-22;2022-05-17;
fornavn efternavn mellemnavn;b3f2;1954-02-25;2022-05-17;
fornavn efternavn mellemnavn;e299;1954-07-06;2022-05-17;
fornavn efternavn mellemnavn;56ec;1956-01-21;2022-05-17;
fornavn efternavn mellemnavn;3555;1988-11-13;2022-05-17;
fornavn efternavn mellemnavn;04ef;1958-03-16;2022-05-17;
fornavn efternavn mellemnavn;3151;2009-10-16;2022-05-17;
fornavn efternavn mellemnavn;5edf;2018-02-08;2022-05-17;
fornavn efternavn mellemnavn;7a9d;1994-04-08;2022-05-17;
fornavn efternavn mellemnavn;7cb3;1953-03-13;2022-05-17;
fornavn efternavn mellemnavn;abda;2009-08-05;2022-05-17;
fornavn efternavn mellemnavn;efe4;1967-03-18;2022-05-17;
fornavn efternavn mellemnavn;341c;2018-10-06;2022-05-17;
fornavn efternavn mellemnavn;652c;1984-02-28;2022-05-17;
fornavn efternavn mellemnavn;1fd0;2009-05-12;2022-05-17;
fornavn efternavn mellemnavn;d73c;1981-02-05;2022-05-17;
fornavn efternavn mellemnavn;bb74;1992-08-25;2022-05-17;
fornavn efternavn mellemnavn;2cf1;1979-07-17;2022-05-17;
fornavn efternavn mellemnavn;2b66;1954-06-05;2022-05-17;
fornavn efternavn mellemnavn;af30;1989-01-25;2022-05-17;
fornavn efternavn mellemnavn;0e3f;1986-04-26;2022-05-17;
fornavn efternavn mellemnavn;0991;1988-09-02;2022-05-17;
fornavn efternavn mellemnavn;10d4;1991-09-17;2022-05-17;
fornavn efternavn mellemnavn;6908;1998-01-17;2022-05-17;
fornavn efternavn mellemnavn;e5fa;1975-02-22;2022-05-17;
fornavn efternavn mellemnavn;e9d6;2002-02-15;2022-05-17;
fornavn efternavn mellemnavn;bd62;1976-01-01;2022-05-17;
fornavn efternavn mellemnavn;445d;1985-10-16;2022-05-17;
fornavn efternavn mellemnavn;c47a;1964-12-09;2022-05-17;
fornavn efternavn mellemnavn;775e;1978-02-11;2022-05-17;
fornavn efternavn mellemnavn;bebc;1983-11-18;2022-05-17;
fornavn efternavn mellemnavn;1b06;1985-08-06;2022-05-17;
fornavn efternavn mellemnavn;0b02;1978-06-12;2022-05-17;
fornavn efternavn mellemnavn;7fe3;2012-09-24;2022-05-17;
fornavn efternavn mellemnavn;dca9;1971-11-14;2022-05-17;
fornavn efternavn mellemnavn;b966;1977-09-11;2022-05-17;
fornavn efternavn mellemnavn;7a3d;1981-03-12;2022-05-17;
fornavn efternavn mellemnavn;0c02;2012-07-28;2022-05-17;
fornavn efternavn mellemnavn;d615;2016-08-07;2022-05-17;
fornavn efternavn mellemnavn;76fa;1956-11-03;2022-05-17;
fornavn efternavn mellemnavn;cf5c;1995-08-21;2022-05-17;
fornavn efternavn mellemnavn;20bd;2013-06-27;2022-05-17;
fornavn efternavn mellemnavn;213d;1966-07-22;2022-05-17;
fornavn efternavn mellemnavn;0d76;2010-12-28;2022-05-17;
fornavn efternavn mellemnavn;1bf7;1988-08-17;2022-05-17;
fornavn efternavn mellemnavn;0b21;1951-08-01;2022-05-17;
fornavn efternavn mellemnavn;a475;1984-08-03;2022-05-17;
fornavn efternavn mellemnavn;e888;1989-06-16;2022-05-17;
fornavn efternavn mellemnavn;899b;2004-08-06;2022-05-17;
fornavn efternavn mellemnavn;432f;1955-08-09;2022-05-17;
fornavn efternavn mellemnavn;fc76;1954-12-16;2022-05-17;
fornavn efternavn mellemnavn;7be9;2001-08-23;2022-05-17;
fornavn efternavn mellemnavn;fb37;1988-01-06;2022-05-17;
fornavn efternavn mellemnavn;0558;1993-08-05;2022-05-17;
fornavn efternavn mellemnavn;ebf9;1966-06-15;2022-05-17;
fornavn efternavn mellemnavn;6592;1991-04-03;2022-05-17;
fornavn efternavn mellemnavn;b720;2005-01-23;2022-05-17;
fornavn efternavn mellemnavn;931c;1991-02-22;2022-05-17;
fornavn efternavn mellemnavn;e068;1993-10-26;2022-05-17;
fornavn efternavn mellemnavn;e268;1998-02-27;2022-05-17;
fornavn efternavn mellemnavn;1b35;1987-04-21;2022-05-17;
fornavn efternavn mellemnavn;70d7;1995-07-02;2022-05-17;
fornavn efternavn mellemnavn;ad90;2003-04-25;2022-05-17;
fornavn efternavn mellemnavn;512a;1996-09-24;2022-05-17;
fornavn efternavn mellemnavn;dd85;1965-10-13;2022-05-17;
fornavn efternavn mellemnavn;df95;2016-04-28;2022-05-17;
fornavn efternavn mellemnavn;c5fa;1993-12-24;2022-05-17;
fornavn efternavn mellemnavn;9a2f;1996-05-10;2022-05-17;
fornavn efternavn mellemnavn;964f;1964-04-06;2022-05-17;
fornavn efternavn mellemnavn;36a2;1996-05-14;2022-05-17;
fornavn efternavn mellemnavn;1250;1982-04-21;2022-05-17;
fornavn efternavn mellemnavn;cc9e;1960-10-08;2022-05-17;
fornavn efternavn mellemnavn;0607;1963-03-27;2022-05-17;
fornavn efternavn mellemnavn;0fa9;1983-04-14;2022-05-17;
fornavn efternavn mellemnavn;a8bd;2008-12-23;2022-05-17;
fornavn efternavn mellemnavn;0dca;1954-07-18;2022-05-17;
fornavn efternavn mellemnavn;495a;2014-05-27;2022-05-17;
fornavn efternavn mellemnavn;080e;1961-07-04;2022-05-17;
fornavn efternavn mellemnavn;012d;1995-08-16;2022-05-17;
fornavn efternavn mellemnavn;3fb8;1959-12-03;2022-05-17;
fornavn efternavn mellemnavn;654a;1956-05-28;2022-05-17;
fornavn efternavn mellemnavn;5d36;1976-03-01;2022-05-17;
fornavn efternavn mellemnavn;6811;2014-10-28;2022-05-17;
fornavn efternavn mellemnavn;6c74;1970-10-20;2022-05-17;
fornavn efternavn mellemnavn;bc46;1995-09-25;2022-05-17;
fornavn efternavn mellemnavn;effc;1990-03-16;2022-05-17;
fornavn efternavn mellemnavn;0169;1964-07-27;2022-05-17;
fornavn efternavn mellemnavn;0b25;1959-04-27;2022-05-17;
fornavn efternavn mellemnavn;ea87;2003-06-13;2022-05-17;
fornavn efternavn mellemnavn;d21d;1961-11-02;2022-05-17;
fornavn efternavn mellemnavn;60ff;1980-07-05;2022-05-17;
fornavn efternavn mellemnavn;26f2;1981-01-11;2022-05-17;
fornavn efternavn mellemnavn;17c3;1961-04-07;2022-05-17;
fornavn efternavn mellemnavn;6fc3;2001-03-03;2022-05-17;
fornavn efternavn mellemnavn;be42;2009-06-09;2022-05-17;
fornavn efternavn mellemnavn;39ca;1998-05-10;2022-05-17;
fornavn efternavn mellemnavn;9d87;1974-03-11;2022-05-17;
fornavn efternavn mellemnavn;310b;1978-09-10;2022-05-17;
fornavn efternavn mellemnavn;e2df;2009-07-03;2022-05-17;
fornavn efternavn mellemnavn;db7d;1988-08-28;2022-05-17;
fornavn efternavn mellemnavn;4806;1987-01-01;2022-05-17;
fornavn efternavn mellemnavn;d63d;1995-11-06;2022-05-17;
fornavn efternavn mellemnavn;2f90;2005-03-10;2022-05-17;
fornavn efternavn mellemnavn;8415;1969-02-01;2022-05-17;
fornavn efternavn mellemnavn;34e9;1983-11-09;2022-05-17;
fornavn efternavn mellemnavn;7bc6;2016-06-07;2022-05-17;
fornavn efternavn mellemnavn;d691;1957-04-13;2022-05-17;
fornavn efternavn mellemnavn;88c7;1979-08-10;2022-05-17;
fornavn efternavn mellemnavn;d1db;1978-02-18;2022-05-17;
fornavn efternavn mellemnavn;2b74;1998-01-07;2022-05-17;
fornavn efternavn mellemnavn;f354;1972-07-06;2022-05-17;
fornavn efternavn mellemnavn;c01e;1964-03-12;2022-05-17;
fornavn efternavn mellemnavn;48d0;1976-09-21;2022-05-17;
fornavn efternavn mellemnavn;109b;1990-06-16;2022-05-17;
fornavn efternavn mellemnavn;2da5;1961-12-20;2022-05-17;
fornavn efternavn mellemnavn;9b30;2015-02-21;2022-05-17;
fornavn efternavn mellemnavn;e592;1987-01-20;2022-05-17;
fornavn efternavn mellemnavn;9c8b;1983-01-20;2022-05-17;
fornavn efternavn mellemnavn;c472;1996-11-01;2022-05-17;
fornavn efternavn mellemnavn;9fc4;1975-02-13;2022-05-17;
fornavn efternavn mellemnavn;a92f;1962-09-21;2022-05-17;
fornavn efternavn mellemnavn;34b1;1971-05-04;2022-05-17;
fornavn efternavn mellemnavn;2478;1975-07-18;2022-05-17;
fornavn efternavn mellemnavn;1714;1970-08-03;2022-05-17;
fornavn efternavn mellemnavn;337c;1951-05-05;2022-05-17;
fornavn efternavn mellemnavn;facd;2007-10-19;2022-05-17;
fornavn efternavn mellemnavn;fae8;1983-11-06;2022-05-17;
fornavn efternavn mellemnavn;a367;1998-11-06;2022-05-17;
fornavn efternavn mellemnavn;39a7;1953-12-11;2022-05-17;
fornavn efternavn mellemnavn;0505;1978-07-28;2022-05-17;
fornavn efternavn mellemnavn;1875;2003-11-12;2022-05-17;
fornavn efternavn mellemnavn;e7ca;1998-08-26;2022-05-17;
fornavn efternavn mellemnavn;8164;1963-11-22;2022-05-17;
fornavn efternavn mellemnavn;ec10;1972-05-13;2022-05-17;
fornavn efternavn mellemnavn;175d;1957-02-23;2022-05-17;
fornavn efternavn mellemnavn;5593;1953-12-19;2022-05-17;
fornavn efternavn mellemnavn;a317;1982-04-10;2022-05-17;
fornavn efternavn mellemnavn;fb64;1953-08-17;2022-05-17;
fornavn efternavn mellemnavn;0d19;2007-11-01;2022-05-17;
fornavn efternavn mellemnavn;881f;2018-02-21;2022-05-17;
fornavn efternavn mellemnavn;c5fd;1961-02-21;2022-05-17;
fornavn efternavn mellemnavn;4a7d;1993-02-24;2022-05-17;
fornavn efternavn mellemnavn;6b40;1993-07-17;2022-05-17;
fornavn efternavn mellemnavn;3151;1997-05-27;2022-05-17;
fornavn efternavn mellemnavn;efac;1961-07-16;2022-05-17;
fornavn efternavn mellemnavn;0477;2001-12-17;2022-05-17;
fornavn efternavn mellemnavn;09a7;1961-04-28;2022-05-17;
fornavn efternavn mellemnavn;c15d;1954-09-23;2022-05-17;
fornavn efternavn mellemnavn;8192;1973-01-17;2022-05-17;
fornavn efternavn mellemnavn;8404;2015-06-08;2022-05-17;
fornavn efternavn mellemnavn;d748;2014-09-21;2022-05-17;
fornavn efternavn mellemnavn;4869;1970-09-06;2022-05-17;
fornavn efternavn mellemnavn;9df5;1972-08-27;2022-05-17;
fornavn efternavn mellemnavn;47b6;1964-09-10;2022-05-17;
fornavn efternavn mellemnavn;c588;2011-05-11;2022-05-17;
fornavn efternavn mellemnavn;933b;1993-09-20;2022-05-17;
fornavn efternavn mellemnavn;6536;1962-07-26;2022-05-17;
fornavn efternavn mellemnavn;458d;2015-01-11;2022-05-17;
fornavn efternavn mellemnavn;a36e;2012-12-25;2022-05-17;
fornavn efternavn mellemnavn;e858;1970-01-28;2022-05-17;
fornavn efternavn mellemnavn;b701;2011-08-11;2022-05-17;
fornavn efternavn mellemnavn;7d3e;1995-04-07;2022-05-17;
fornavn efternavn mellemnavn;52db;1991-01-19;2022-05-17;
fornavn efternavn mellemnavn;5d0f;2010-01-16;2022-05-17;
fornavn efternavn mellemnavn;9421;1978-05-07;2022-05-17;
fornavn efternavn mellemnavn;1ff1;2010-12-26;2022-05-17;
fornavn efternavn mellemnavn;2556;1992-03-07;2022-05-17;
fornavn efternavn mellemnavn;47ea;1994-08-21;2022-05-17;
fornavn efternavn mellemnavn;774a;1975-02-02;2022-05-17;
fornavn efternavn mellemnavn;92ab;1992-06-10;2022-05-17;
fornavn efternavn mellemnavn;55e6;1992-12-18;2022-05-17;
fornavn efternavn mellemnavn;52e9;1993-07-06;2022-05-17;
fornavn efternavn mellemnavn;4457;1985-02-01;2022-05-17;
fornavn efternavn mellemnavn;7e7a;1985-09-23;2022-05-17;
fornavn efternavn mellemnavn;c834;1965-11-14;2022-05-17;
fornavn efternavn mellemnavn;6b8a;1962-01-21;2022-05-17;
fornavn efternavn mellemnavn;8b23;1986-05-19;2022-05-17;
fornavn efternavn mellemnavn;c4b4;1982-05-06;2022-05-17;
fornavn efternavn mellemnavn;6160;1953-04-23;2022-05-17;
fornavn efternavn mellemnavn;7862;2005-07-01;2022-05-17;
fornavn efternavn mellemnavn;93b0;1978-12-19;2022-05-17;
fornavn efternavn mellemnavn;993e;1953-06-19;2022-05-17;
fornavn efternavn mellemnavn;9552;1984-01-20;2022-05-17;
fornavn efternavn mellemnavn;83e2;1958-07-08;2022-05-17;
fornavn efternavn mellemnavn;ec6f;2008-02-09;2022-05-17;
fornavn efternavn mellemnavn;d7f8;1993-04-28;2022-05-17;
fornavn efternavn mellemnavn;9382;1959-12-06;2022-05-17;
fornavn efternavn mellemnavn;6c95;1991-04-13;2022-05-17;
fornavn efternavn mellemnavn;c81d;1967-10-04;2022-05-17;
fornavn efternavn mellemnavn;3c20;1976-01-17;2022-05-17;
fornavn efternavn mellemnavn;1870;2012-09-17;2022-05-17;
fornavn efternavn mellemnavn;ed93;1974-01-17;2022-05-17;
fornavn efternavn mellemnavn;b12a;2010-01-19;2022-05-17;
fornavn efternavn mellemnavn;b78b;1988-03-03;2022-05-17;
fornavn efternavn mellemnavn;c9db;1959-11-12;2022-05-17;
fornavn efternavn mellemnavn;3def;2006-08-02;2022-05-17;
fornavn efternavn mellemnavn;1095;1978-06-16;2022-05-17;
fornavn efternavn mellemnavn;c464;1977-02-03;2022-05-17;
fornavn efternavn mellemnavn;467f;2014-08-19;2022-05-17;
fornavn efternavn mellemnavn;877f;2002-03-08;2022-05-17;
fornavn efternavn mellemnavn;3b35;2017-09-06;2022-05-17;
fornavn efternavn mellemnavn;be1c;1993-06-05;2022-05-17;
fornavn efternavn mellemnavn;acf3;2012-04-11;2022-05-17;
fornavn efternavn mellemnavn;44c6;2016-06-05;2022-05-17;
fornavn efternavn mellemnavn;574d;1983-10-13;2022-05-17;
fornavn efternavn mellemnavn;2221;1998-04-10;2022-05-17;
fornavn efternavn mellemnavn;5a66;2004-06-21;2022-05-17;
fornavn efternavn mellemnavn;3d6c;2013-10-05;2022-05-17;
fornavn efternavn mellemnavn;fc14;1958-10-13;2022-05-17;
fornavn efternavn mellemnavn;b912;2009-04-13;2022-05-17;
fornavn efternavn mellemnavn;e756;2007-05-04;2022-05-17;
fornavn efternavn mellemnavn;4200;1956-12-19;2022-05-17;
fornavn efternavn mellemnavn;a465;1977-06-04;2022-05-17;
fornavn efternavn mellemnavn;b0ac;1992-03-01;2022-05-17;
fornavn efternavn mellemnavn;e72d;1993-02-22;2022-05-17;
fornavn efternavn mellemnavn;2338;1996-04-17;2022-05-17;
fornavn efternavn mellemnavn;fd9d;1998-10-18;2022-05-17;
fornavn efternavn mellemnavn;0c66;2016-11-06;2022-05-17;
fornavn efternavn mellemnavn;5589;2007-12-12;2022-05-17;
fornavn efternavn mellemnavn;aeac;1986-12-13;2022-05-17;
fornavn efternavn mellemnavn;4715;1950-08-02;2022-05-17;
fornavn efternavn mellemnavn;844d;1951-11-03;2022-05-17;
fornavn efternavn mellemnavn;03a2;1960-07-24;2022-05-17;
fornavn efternavn mellemnavn;f85f;1963-11-12;2022-05-17;
fornavn efternavn mellemnavn;d8ee;1978-07-10;2022-05-17;
fornavn efternavn mellemnavn;ea2f;2002-03-03;2022-05-17;
fornavn efternavn mellemnavn;d74d;1979-01-11;2022-05-17;
fornavn efternavn mellemnavn;56fb;1957-12-24;2022-05-17;
fornavn efternavn mellemnavn;bc3d;1986-07-01;2022-05-17;
fornavn efternavn mellemnavn;e413;2018-03-16;2022-05-17;
fornavn efternavn mellemnavn;8a98;2006-03-01;2022-05-17;
fornavn efternavn mellemnavn;b42e;1959-09-21;2022-05-17;
fornavn efternavn mellemnavn;bc59;1958-04-28;2022-05-17;
fornavn efternavn mellemnavn;c547;2007-10-26;2022-05-17;
fornavn efternavn mellemnavn;cb74;1970-11-01;2022-05-17;
fornavn efternavn mellemnavn;3692;1954-05-07;2022-05-17;
fornavn efternavn mellemnavn;8f80;2003-08-24;2022-05-17;
fornavn efternavn mellemnavn;6d0d;1984-11-16;2022-05-17;
fornavn efternavn mellemnavn;ac83;1952-03-08;2022-05-17;
fornavn efternavn mellemnavn;cc07;2003-01-09;2022-05-17;
fornavn efternavn mellemnavn;b3cb;1984-04-03;2022-05-17;
fornavn efternavn mellemnavn;7ed4;2006-11-28;2022-05-17;
fornavn efternavn mellemnavn;0fb4;1963-08-10;2022-05-17;
fornavn efternavn mellemnavn;56f2;1976-05-24;2022-05-17;
fornavn efternavn mellemnavn;8535;1955-06-24;2022-05-17;
fornavn efternavn mellemnavn;c200;1986-12-05;2022-05-17;
fornavn efternavn mellemnavn;ba3b;1982-02-24;2022-05-17;
fornavn efternavn mellemnavn;7a31;1958-04-20;2022-05-17;
fornavn efternavn mellemnavn;8744;1978-06-05;2022-05-17;
